<application>
  <component name="MaterialCustomThemeConfig">
    <option name="excludedColor" value="2e3c43ff" />
    <option name="accentColor" value="2e7196ff" />
    <option name="notificationsColor" value="323232ff" />
    <option name="treeSelectionColor" value="546e7a50" />
    <option name="highlightColor" value="425b67ff" />
    <option name="secondBorderColor" value="1d262bff" />
    <option name="tableSelectedColor" value="161c20ff" />
    <option name="contrastColor" value="1e272cff" />
    <option name="disabledColor" value="415967ff" />
    <option name="secondaryBackgroundColor" value="6f3696ff" />
    <option name="buttonColor" value="2e7196ff" />
    <option name="selectionForegroundColor" value="ffffffff" />
    <option name="selectionBackgroundColor" value="546e7aff" />
    <option name="textColor" value="cfdbe8ff" />
    <option name="foregroundColor" value="b0bec5ff" />
    <option name="backgroundColor" value="263238ff" />
  </component>
</application>