<application>
  <component name="MaterialThemeConfig">
    <option name="codeAdditionsEnabled" value="false" />
    <option name="compactDropdowns" value="true" />
    <option name="compactSidebar" value="true" />
    <option name="fileIcons" value="false" />
    <option name="isCompactMenus" value="true" />
    <option name="isCompactStatusBar" value="true" />
    <option name="isCompactTables" value="true" />
    <option name="isContrastMode" value="true" />
    <option name="isCustomTreeIndentEnabled" value="true" />
    <option name="isDecoratedFolders" value="false" />
    <option name="isPsiIcons" value="false" />
    <option name="isWizardShown" value="true" />
    <option name="pristineConfig" value="false" />
    <option name="statusBarTheme" value="false" />
    <option name="tabFontSizeEnabled" value="true" />
    <option name="useMaterialIcons" value="false" />
    <option name="customSidebarHeight" value="24" />
    <option name="tabFontSize" value="13" />
    <option name="highlightThickness" value="4" />
    <option name="leftTreeIndent" value="10" />
    <option name="settingsSelectedTab" value="2" />
    <option name="tabsHeight" value="25" />
    <option name="accentColor" value="009688" />
    <option name="secondAccentColor" value="409ed2" />
    <option name="highlightColor" value="409ed2" />
    <option name="userId" value="6531032d:1703531aa15:-8000" />
    <option name="version" value="4.11.5" />
    <option name="tabHighlightPosition" value="Left" />
  </component>
</application>