<application>
  <component name="PhpAutoImport" import_on_paste="ALL" />
  <component name="PhpInterpreters">
    <interpreters>
      <interpreter id="b45d2ded-5881-463f-81e0-9a0dd19ac093" name="PHP 7.2" home="/usr/local/Cellar/php@7.2/7.2.28/bin/php" debugger_id="php.debugger.XDebug" />
      <interpreter id="8ce82a14-af21-4926-8ee5-ddff836b731a" name="Correos 7.2" home="docker://DATA" debugger_id="php.debugger.XDebug">
        <remote_data DOCKER_ACCOUNT_NAME="Docker" DOCKER_IMAGE_NAME="correos-prepay_app:latest" DOCKER_REMOTE_PROJECT_PATH="/opt/project" INTERPRETER_PATH="php" HELPERS_PATH="/opt/.phpstorm_helpers" INITIALIZED="false" VALID="true" RUN_AS_ROOT_VIA_SUDO="false" />
      </interpreter>
    </interpreters>
  </component>
  <component name="PhpInterpretersPhpInfoCache">
    <phpInfoCache>
      <interpreter name="PHP 7.2">
        <phpinfo binary_type="PHP" php_cgi="/usr/local/Cellar/php@7.2/7.2.28/bin/php-cgi" php_cli="/usr/local/Cellar/php@7.2/7.2.28/bin/php" path_separator=":" version="7.2.28">
          <additional_php_ini>/usr/local/etc/php/7.2/conf.d/ext-opcache.ini</additional_php_ini>
          <configuration_file>/usr/local/etc/php/7.2/php.ini</configuration_file>
          <configuration_options>
            <configuration_option name="include_path" value=".:/usr/local/Cellar/php@7.2/7.2.28/share/php@7.2/pear" />
          </configuration_options>
          <debuggers />
          <loaded_extensions>
            <extension name="Core" />
            <extension name="PDO" />
            <extension name="PDO_ODBC" />
            <extension name="Phar" />
            <extension name="Reflection" />
            <extension name="SPL" />
            <extension name="SimpleXML" />
            <extension name="Zend OPcache" />
            <extension name="bcmath" />
            <extension name="bz2" />
            <extension name="calendar" />
            <extension name="ctype" />
            <extension name="curl" />
            <extension name="date" />
            <extension name="dba" />
            <extension name="dom" />
            <extension name="exif" />
            <extension name="fileinfo" />
            <extension name="filter" />
            <extension name="ftp" />
            <extension name="gd" />
            <extension name="gettext" />
            <extension name="gmp" />
            <extension name="hash" />
            <extension name="iconv" />
            <extension name="intl" />
            <extension name="json" />
            <extension name="ldap" />
            <extension name="libxml" />
            <extension name="mbstring" />
            <extension name="mysqli" />
            <extension name="mysqlnd" />
            <extension name="odbc" />
            <extension name="openssl" />
            <extension name="pcntl" />
            <extension name="pcre" />
            <extension name="pdo_dblib" />
            <extension name="pdo_mysql" />
            <extension name="pdo_pgsql" />
            <extension name="pdo_sqlite" />
            <extension name="pgsql" />
            <extension name="phpdbg_webhelper" />
            <extension name="posix" />
            <extension name="pspell" />
            <extension name="readline" />
            <extension name="session" />
            <extension name="shmop" />
            <extension name="soap" />
            <extension name="sockets" />
            <extension name="sodium" />
            <extension name="sqlite3" />
            <extension name="standard" />
            <extension name="sysvmsg" />
            <extension name="sysvsem" />
            <extension name="sysvshm" />
            <extension name="tidy" />
            <extension name="tokenizer" />
            <extension name="wddx" />
            <extension name="xml" />
            <extension name="xmlreader" />
            <extension name="xmlrpc" />
            <extension name="xmlwriter" />
            <extension name="xsl" />
            <extension name="zip" />
            <extension name="zlib" />
          </loaded_extensions>
        </phpinfo>
      </interpreter>
      <interpreter name="Correos 7.2">
        <phpinfo binary_type="PHP" php_cli="/usr/local/bin/php" path_separator=":" version="7.2.27">
          <additional_php_ini>/usr/local/etc/php/conf.d/docker-php-ext-mcrypt.ini, /usr/local/etc/php/conf.d/docker-php-ext-memcached.ini, /usr/local/etc/php/conf.d/docker-php-ext-mysqli.ini, /usr/local/etc/php/conf.d/docker-php-ext-opcache.ini, /usr/local/etc/php/conf.d/docker-php-ext-pdo_mysql.ini, /usr/local/etc/php/conf.d/docker-php-ext-redis.ini, /usr/local/etc/php/conf.d/docker-php-ext-soap.ini, /usr/local/etc/php/conf.d/docker-php-ext-sodium.ini, /usr/local/etc/php/conf.d/docker-php-ext-xdebug.ini, /usr/local/etc/php/conf.d/opcache.ini, /usr/local/etc/php/conf.d/xdebug.ini</additional_php_ini>
          <configuration_file>/usr/local/etc/php/php.ini</configuration_file>
          <configuration_options>
            <configuration_option name="include_path" value=".:/usr/local/lib/php" />
          </configuration_options>
          <debuggers>
            <debugger_info debugger="xdebug" debugger_version="2.7.0">
              <debug_extensions />
            </debugger_info>
          </debuggers>
          <loaded_extensions>
            <extension name="Core" />
            <extension name="PDO" />
            <extension name="Phar" />
            <extension name="Reflection" />
            <extension name="SPL" />
            <extension name="SimpleXML" />
            <extension name="Zend OPcache" />
            <extension name="ctype" />
            <extension name="curl" />
            <extension name="date" />
            <extension name="dom" />
            <extension name="fileinfo" />
            <extension name="filter" />
            <extension name="ftp" />
            <extension name="hash" />
            <extension name="iconv" />
            <extension name="json" />
            <extension name="libxml" />
            <extension name="mbstring" />
            <extension name="mcrypt" />
            <extension name="memcached" />
            <extension name="mysqli" />
            <extension name="mysqlnd" />
            <extension name="openssl" />
            <extension name="pcre" />
            <extension name="pdo_mysql" />
            <extension name="pdo_sqlite" />
            <extension name="posix" />
            <extension name="readline" />
            <extension name="redis" />
            <extension name="session" />
            <extension name="soap" />
            <extension name="sodium" />
            <extension name="sqlite3" />
            <extension name="standard" />
            <extension name="tokenizer" />
            <extension name="xdebug" />
            <extension name="xml" />
            <extension name="xmlreader" />
            <extension name="xmlwriter" />
            <extension name="zlib" />
          </loaded_extensions>
        </phpinfo>
      </interpreter>
    </phpInfoCache>
  </component>
</application>