<keymap version="1" name="macOS custom" parent="Mac OS X 10.5+">
  <action id="ActivateStructureToolWindow" />
  <action id="Annotate">
    <keyboard-shortcut first-keystroke="meta alt 1" />
  </action>
  <action id="CommentByBlockComment">
    <keyboard-shortcut first-keystroke="meta alt 7" />
  </action>
  <action id="CommentByLineComment">
    <keyboard-shortcut first-keystroke="meta 7" />
  </action>
  <action id="EditorMatchBrace">
    <keyboard-shortcut first-keystroke="ctrl m" />
    <keyboard-shortcut first-keystroke="meta m" />
  </action>
  <action id="EditorToggleColumnMode">
    <keyboard-shortcut first-keystroke="shift meta 8" />
    <keyboard-shortcut first-keystroke="shift meta c" />
  </action>
  <action id="PhpNewClass">
    <keyboard-shortcut first-keystroke="meta alt n" />
  </action>
  <action id="SelectInProjectView">
    <keyboard-shortcut first-keystroke="meta alt s" />
  </action>
  <action id="SplitVertically">
    <keyboard-shortcut first-keystroke="shift meta 1" />
  </action>
  <action id="Vcs.MoveChangedLinesToChangelist" />
</keymap>